{"count":1,"self":125.4961024,"total":125.54439339999999,"children":{"InitializeActuators":{"count":1,"self":0.0010022,"total":0.0010022,"children":null},"InitializeSensors":{"count":1,"self":0.0010000999999999999,"total":0.0010000999999999999,"children":null},"AgentSendState":{"count":113,"self":0.0010027999999999999,"total":0.0055917,"children":{"CollectObservations":{"count":23,"self":0.0020826,"total":0.0020826,"children":null},"WriteActionMask":{"count":23,"self":0.0010004999999999999,"total":0.0010004999999999999,"children":null},"RequestDecision":{"count":23,"self":0.0015057999999999998,"total":0.0015057999999999998,"children":null}}},"DecideAction":{"count":113,"self":0.038692899999999995,"total":0.038692899999999995,"children":null},"AgentAct":{"count":113,"self":0.0020031,"total":0.0020031,"children":null}},"gauges":{},"metadata":{"timer_format_version":"0.1.0","start_time_seconds":"1716228918","unity_version":"2022.3.16f1","command_line_arguments":"C:\\Program Files\\Unity\\Hub\\Editor\\2022.3.16f1\\Editor\\Unity.exe -projectpath C:\\Users\\burak\\OneDrive\\Masaüstü\\ml-agents-develop\\Grup99-AI Jam -useHub -hubIPC -cloudEnvironment production","communication_protocol_version":"1.5.0","com.unity.ml-agents_version":"3.0.0-exp.1","scene_name":"Menu","end_time_seconds":"1716229044"}}